family_id,benchmark_id,K0_provenance,K1_reference_limit,K2_physical_geometry,K3_conservation_gauge_closure,K4_numerical_robustness,K5_multichannel_rank,K6_nearest_family_manifold,K7_common_observation_space,K8_quotient_novelty,K9_prospective_holdout,coverage_state,notes
F00,M00,PASS,PASS_WITH_SCOPE,NOT_APPLICABLE_CONTROL,PASS_WITH_SCOPE,PASS_WITH_SCOPE,PASS,NOT_APPLICABLE_CONTROL,NOT_APPLICABLE_CONTROL,NO_NOVELTY_EXPECTED,NOT_APPLICABLE_CONTROL,TERMINAL_CONTROL,reference/null control
F01,M01,PASS,PASS_WITH_SCOPE,PASS_WITH_SCOPE,PASS_WITH_SCOPE,PASS_WITH_SCOPE,PASS_WITH_SCOPE,OPEN,NONIDENTIFIABLE,OPEN,OPEN,TESTED_OPEN,ShapeFit local control nonidentifiable
F02,M02,PASS,PASS_WITH_SCOPE,PASS_WITH_SCOPE,PASS_WITH_SCOPE,PASS_WITH_SCOPE,PASS_WITH_SCOPE,PARTIAL,PARTIAL,OPEN,OPEN,TESTED_OPEN,IDE physical tangent cone established
F03,M03,PASS,PASS_WITH_SCOPE,PASS_WITH_SCOPE,PASS_WITH_SCOPE,PASS_WITH_SCOPE,PASS_WITH_SCOPE,PASS_WITH_SCOPE,PARTIAL,OPEN,SUPPORTED,TESTED_OPEN,GDM multi-channel metric separator
F04,M04,PASS,PASS_WITH_SCOPE,PASS_WITH_SCOPE,PASS_WITH_SCOPE,PASS_WITH_SCOPE,PASS,PASS_WITH_SCOPE,PASS_WITH_SCOPE,OPEN,SUPPORTED,TESTED_OPEN,WDM high-k discriminator; attribution still open
F05,M05,PASS,PASS_WITH_SCOPE,PASS_WITH_SCOPE,PASS_WITH_SCOPE,PASS_WITH_SCOPE,PASS_WITH_SCOPE,PASS_WITH_SCOPE,PARTIAL,OPEN,SUPPORTED,TESTED_OPEN,designer fR theory-space discrimination
F06,M06,PASS,PASS_WITH_SCOPE,PASS_WITH_SCOPE,PASS_WITH_SCOPE,PASS_WITH_SCOPE,PASS_WITH_SCOPE,PARTIAL,PARTIAL,SUPPORTED,SUPPORTED,TESTED_OPEN,DCDM temporal localization support
F07,M07,PASS_WITH_SCOPE,PASS_WITH_SCOPE,PASS_WITH_SCOPE,PARTIAL,PASS_WITH_SCOPE,PASS_WITH_SCOPE,PASS_WITH_SCOPE,NONIDENTIFIABLE,PARTIAL,SUPPORTED,TESTED_OPEN,CPL absorbs late-time response; within-family holdout only
F08,M08,PASS_WITH_SCOPE,PASS_WITH_SCOPE,PASS_WITH_SCOPE,PARTIAL,PASS_WITH_SCOPE,PASS_WITH_SCOPE,PASS_WITH_SCOPE,PARTIAL,PARTIAL,OPEN,TESTED_OPEN,CPL flexible comparator manifold; not full cross-family G5 closure
F09,M09,PASS_WITH_SCOPE,BLOCKED_IMPLEMENTATION,BLOCKED_IMPLEMENTATION,BLOCKED_IMPLEMENTATION,BLOCKED_IMPLEMENTATION,BLOCKED_IMPLEMENTATION,OPEN,OPEN,OPEN,OPEN,TERMINAL_BLOCKED,upstream CLASS EDE branch unfinished; not physical falsification
F10,M10,PASS_WITH_SCOPE,PASS_WITH_SCOPE,PASS_WITH_SCOPE,PARTIAL,PASS_WITH_SCOPE,PASS_WITH_SCOPE,PASS_WITH_SCOPE,OPEN,PARTIAL,OPEN,TESTED_OPEN,scalar EDE survives same-solver CPL theory-manifold attack; observation bridge pending
F11,M11,PASS_WITH_SCOPE,PASS_WITH_SCOPE,PASS_WITH_SCOPE,PARTIAL,PASS_WITH_SCOPE,PASS_WITH_SCOPE,PASS_WITH_SCOPE,OPEN,PARTIAL,OPEN,THEORY_SURVIVOR_COVARIANT_VALIDATION_BLOCKED,effective q_s response survives full local CPL attack with 92.56% P+H residual but has very weak absolute rank; independent covariant validation remains required. First provider attempt CLASS_GSF model-6 is BLOCKED_IMPLEMENTATION_PROVENANCE. Executable Scherrer example is not a DE-only validation
F12,M12,PASS_WITH_SCOPE,PASS_WITH_SCOPE,PASS_WITH_SCOPE,PARTIAL,PASS_WITH_SCOPE,PASS_WITH_SCOPE,PASS_WITH_SCOPE,OPEN,NO_NOVELTY_EXPECTED,OPEN,TESTED_OPEN,smooth phantom and nonphantom rays form the same local constant-w response line with opposite orientation: acute angle 0.03789 deg and residual 0.0661%; minimal wrong-sign scalar ghost/stability issue remains physically separate
F13,M13,PASS_WITH_SCOPE,PASS_WITH_SCOPE,PARTIAL,PARTIAL,BLOCKED_NUMERICAL_REFERENCE_PRECISION,BLOCKED_BY_K3,PARTIAL,NOT_TESTED,NOT_TESTED,NOT_TESTED,K0_K1_PASS_K2_PARTIAL_K3_PARTIAL_FULL_BOLTZMANN_DEFAULT_B123_PASS_REFERENCE_RK_NUMERICAL_BLOCKED_AUTHOR_UNIT_BINDING_BLOCKED,"M13a smooth PPF/CPL crossing is REPRESENTED_BY:M08. M13b pinned SimpleMC supplies a genuine two-field background true-crossing representative: preregistered author-slice scan found 5/18 robust z<3 crossings; exact mphan=0 reduction to provider canonical one-field branch has zero H/rho/w difference and small positive masses approach smoothly ~mphan^2. Provider source explicitly marks two-field initial conditions unfinished and supplies no validated source-complete two-field Boltzmann perturbation closure, so K3 blocks K4/K5 promotion. Independent KMDSB K3A equation-closure verifier passes all frozen sign, continuity, potential-derivative and crossing-regularity identities. At exact kinetic cancellation rho_DE+p_DE=(phi_prime^2-psi_prime^2)/a^2=0 while direct delta_phi/delta_psi KG coefficients remain finite; the effective theta_DE denominator vanishes and is therefore diagnostic rather than a fundamental crossing variable. Classification M13B_INDEPENDENT_K3A_EQUATION_CLOSURE_PASS_WITH_SCOPE; Actions run 34780696853, job 103787057577, artifact 10325027180. This is independent equation closure only, not reproduction of the nonpublic Goh-Taylor CLASS implementation and not a self-consistent Einstein-Boltzmann K3 PASS. K3B remains required; K4/K5 stay closed. M13B_K3B_AUTHORITY_BOUNDARY_2026_09_13: K3B0 and K3B1 independently localize a reproduction/convention boundary in the published perturbation equations. K3B0 matter-era audit: standard Newtonian-gauge GR trace admits constant Phi while the literal printed trace leaves residual -8 Phi/tau^2 and uses a delta-p prefactor one third of the standard physical-pressure trace. K3B1 covariant audit: literal printed perturbed KG forms differ from standard minimally coupled Newtonian-gauge equations by phip*Phi_prime-2 a^2 V_phi Phi and psip*Phi_prime+2 a^2 V_psi Phi, with exact canonical/phantom mass signs verified. These are equation-authority ambiguities only; they do not show what the nonpublic author code implemented and do not falsify quintom. Independent K3B2 must use explicitly independent standard-GR/covariant closure. K3 remains PARTIAL; K4/K5 remain closed. K3B0 run 34780923216 artifact 10325456725 sha256:a32d1eecd00495af2b57ed0f723630a6520b0fcc266526bf0618663864eb459d; K3B1 run 34781190138 artifact 10325052833 sha256:ca34c92c7e64e71fdaf06f0c06d1fe97ababfeeec8714b60bf928ef5b5661165. M13B_K3B2_LOCAL_STANDARD_GR_EMBEDDING_PASS_2026_09_13: prospectively frozen independent standard-GR two-field K3B2 embedding passes all local crossing/constraint/refinement gates. Exact anchor q=0 with q_prime=0.314579093186371; fine backward/forward endpoints have q=-0.01706756303318397 and +0.014498255685305973. Fine max normalized Einstein residuals are C00=1.7327326168201567e-15 and Cij=2.8562435140246887e-16; max coarse/fine endpoint mismatch is 3.6821146154203376e-15. All states remain finite with positive rho and Hc. This establishes a local independent same-realization Einstein+canonical+phantom perturbation embedding through an exact transverse w=-1 crossing. It does not reproduce the unavailable Goh-Taylor code, does not close cosmology-scale Einstein-Boltzmann K3, and does not promote K4/K5. Run 34781365151; artifact 10325256729; sha256:55864bca6020aebd7341e17017663d064ac513a515c5a42647b13d27111656e1. M13B_K3C0_PUBLIC_UNIT_BINDING_BLOCKER_2026_09_13: public-number unit audit freezes the 2025 tanh benchmark with explicitly reduced-Planck labels and simultaneously quoted H0/Omega values. Literal binding gives V_literal/Mp^4=2.2369655790026962e-08, while rho_m+r(z=5)/Mp^4=6.993176012514982e-119 and flat-reference rho_DE0/Mp^4=7.145608687461422e-121. Ratios are R5=3.1987834640504174e110 and R0=3.130545873478848e112, far above the prospectively frozen 1e50 normalization threshold. Diagnostic scale magnitudes S5=3.126188475207894e-111 and S0=3.1943310860630855e-113 are recorded but explicitly not adopted. Therefore published scalar labels cannot be inserted literally into an independent physical cosmology without an additional normalization/rescaling convention or correction not established by public authority. This is a provenance/normalization blocker only: local K3B2 remains valid, K3 stays PARTIAL, no original-provider reproduction, K4/K5 closed, physical_falsification=false. Run 34781661143; artifact 10325517733; sha256:c42a9e4c42b43698ee946aa6216d1e47b417da142e4f7495e2b24030491f7511. M13B_K3C1_INDEPENDENT_BACKGROUND_BRIDGE_PASS_2026_09_13: independent critical-density normalized no-Lambda FRW benchmark solves only U0 from E(a=1)=1, using the public tanh shape seed but no public V0 amplitude. Coarse/fine independently return U0=0.3362232603714306, with unique phantom-to-quintessence crossing z=1.1978721067100082 / 1.1978720736725847 and crossing-z difference 3.303742346361105e-08. Max coarse/fine endpoint mismatch is 4.137775508204112e-12; final Omega_DE=0.6885076999845492 and E0=0.9999999999923376. Implied independent V0/Mp4=3.489459667969868e-121; the ratio 3.834571063703152e-113 to the public label is report-only and is not an author normalization map. This establishes an independent cosmology-scale background bridge and authorizes K3C2 perturbations on exactly this normalization. Original-model unit/source reproduction remains blocked; K3 remains PARTIAL; K4/K5 closed. Run 34781919844 artifact 10325373427 sha256:bc2bcc5d8b168bbb7b55006250f9e960bb4d33c15ccb150f858253342203c867. M13B_K3C2_COSMOLOGY_PERTURBATION_BRIDGE_PASS_2026_09_13: exact K3C1 critical-density background was extended to a same-realization standard-GR Newtonian-gauge perturbation bridge with direct canonical/phantom field perturbations plus pressureless matter and perfect radiation. Both frozen modes khat=1 and khat=10 pass every finite/constraint/refinement/coupling gate and retain the exact K3C1 crossing. For khat=1 the fine max normalized residuals are C00=2.2160517409795537e-12 and C0i=1.5345203856780278e-13; max coarse/fine perturbation endpoint mismatch is 4.136270107245643e-11. For khat=10 max endpoint mismatch is 3.496675242252953e-10 and all frozen C00/C0i preservation/refinement gates pass. Scalar perturbations are dynamically sourced in both modes; no D, rho+p or theta_DE crossing denominator is used. This is not a full photon/neutrino Boltzmann hierarchy and not author-model reproduction; K3 remains PARTIAL. K4/K5 remain closed. Run 34782092368 artifact 10325278852 sha256:bd7cbf9964be9201ab76c08bc72f4107f7b81a46f2b0ab50cc8994732f35dcc4. M13B_K3D0_FULL_BOLTZMANN_PROVIDER_RECON_2026_09_13: frozen public provider tranche finds no DIRECT_PROVIDER_GRADE public two-field canonical+phantom full Einstein-Boltzmann implementation. Goh-Taylor 2026 reports modified CLASS but immutable public source remains unavailable. Selected independent ADAPTER_GRADE base is official lesgourg/class_public@64bbab707faf4de4779a9e04edd180fef18d98fa because it has the complete Boltzmann/recombination/output stack and one direct canonical scf species; unmodified CLASS is not quintom and has no native second phantom field. hi_class@0009f51d89e6465c79e570b496c66fc90058fa77 and mochi_class@2b0b16e4601effe416714ad330d2ee8cad289e4c are secondary adapter bases with extra single-scalar Horndeski machinery. Background-only sources remain non-grade. K3D1 exact-pin CLASS structural/build audit is next; K3 stays PARTIAL, author unit/source blockers remain, K4/K5 closed. M13B_K3D1_CLASS_ADAPTER_BASE_PASS_2026_09_13: exact-pin official CLASS adapter-base audit passes after an infrastructure-only output-path recovery. Provider build succeeds and the unchanged LambdaCDM control returns rc=0 with finite P(k) at control/k3d1_00_pk.dat (114 numeric rows); the parent harness had only assumed the wrong filename k3d1_pk.dat. Mechanical source audit confirms exactly one direct canonical scf background pair, one scf perturbation pair, canonical rho/p kinetic signs, no second scf core species, and intact photon/ultrarelativistic hierarchy plus thermodynamics/perturbations/output modules. Therefore lesgourg/class_public@64bbab707faf4de4779a9e04edd180fef18d98fa is a validated independent full-Boltzmann adapter base. It is not natively quintom and does not close K3. K3D2 two-field species adapter is authorized with photon/polarization/neutrino hierarchy, thermodynamics/recombination, primordial and nonlinear modules protected. Parent run 34782356655; recovery run 34782491941. K3 stays PARTIAL; author normalization/source blockers remain; K4/K5 closed. M13B_K3D2C_SELF_CONSISTENT_GAUGE_IVP_DEFAULT_B123_PASS_WITH_SCOPE_2026_09_14: frozen same-IVP default full-Boltzmann B1/B2/B3 PASS; pure-undamped boundary fixed point converged in 2 iterations to 1.037773556487728e-13 at 1e-12 target; strict disabled P(k) L2=4.2828210457354356e-16 and H0_rel=0. Reference precision remains open. No K4/K5 promotion. Run 34793433652. M13B_K3D2D_SELF_CONSISTENT_REFERENCE_RK_NUMERICAL_BLOCKER_LOCALIZED_2026_09_14: source/precision guard PASS and self-consistent fixed point PASS, but exact cl_ref.pre explicit RK provider rc=1 for 388 intermediate-k modes; K1/K10 unaffected. No reference B123 or default/reference comparison permitted after nonzero rc. No K4/K5 promotion and no physical falsification."
F14,M14,PASS_WITH_SCOPE,PASS_WITH_SCOPE,PASS_WITH_SCOPE,PARTIAL,FAIL_LOCAL_CONVERGENCE,BLOCKED_BY_K4,NOT_TESTED,NOT_TESTED,NOT_TESTED,NOT_TESTED,IDECAMB_K1_K2_PASS_K3_SCOPED_K4_FULL_SERIALIZATION_FAIL,"Two-provider record retained. IDECAMB K1 PASS_WITH_SCOPE and K2 one-sided beta>=0. Parent and smaller-step K4 gates fail. Broyden-only correction is insufficient. Full-serialization run 34467577947 with ES25.15E3 output leaves combined tangent angle 7.61003 deg >3 deg despite norm mismatch 0.00807 <0.10; channel angles include rho_de 4.032 deg, dw 6.845 deg, TT 11.184 deg, EE 53.376 deg. Therefore text serialization is not the cause; K5/K6 remain closed pending independently justified branch/initialization resolution."
F15,M15,PASS_WITH_SCOPE_INDEPENDENT_REPRODUCTION,PASS_WITH_SCOPE_ALPHA0_LCDM_EXACT,PASS_WITH_SCOPE_FINITE_ALPHA_BACKGROUND,BLOCKED_EXACT_AUTHOR_SOUND_SPEED_PROVENANCE,PARTIAL_BACKGROUND_ONLY,BLOCKED_BY_K3,NOT_TESTED,NOT_TESTED,NOT_TESTED,NOT_TESTED,INDEPENDENT_REPRO_V1_REFERENCE_PASS_V2A_BACKGROUND_PASS_V2B_PERTURBATION_CLOSURE_OPEN,"IDECAMB exact perturbation identity rejected despite background NGCG equivalence. Independent CLASS verification path: V0 upstream control PASS; V1 alpha=0 scaffold is exactly identical to untouched CLASS in background, TT/TE/EE, P(k) and transfer with nonzero-alpha negative control PASS. V2a exact four-component finite-alpha background PASS on alpha={-0.50,-0.25,-0.05,0,+0.05,+0.25}: reference, nested convergence, positivity and interaction-sign gates all pass. Exact perturbation reproduction remains blocked because accessible author numerics do not fix c_s,Lambda^2 appearing in Eqs.45-48. No physical family falsification; K5-K9 remain closed."
F16,M16,PASS_WITH_SCOPE,PASS_WITH_SCOPE,REPRESENTED_BY:M02_WITH_SCOPE,REPRESENTED_BY:M02_WITH_SCOPE,REPRESENTED_BY:M02_WITH_SCOPE,REPRESENTED_BY:M02_WITH_SCOPE,PASS_REPRESENTED_BY:M02_WITH_SCOPE,INHERITS_M02_OPEN,NO_SEPARATE_NOVELTY_SUBCASE,INHERITS_M02_OPEN,PARTIAL_REPRESENTATION_FULL_RUNNING_VACUUM_OPEN,"Executed IDECAMB interacting-vacuum Q=beta H rho_de, Q_mu parallel u_c branch is the alpha=0 submanifold of M02 Q=alpha H rho_m+beta H rho_v with matching comoving transfer scope; no duplicate beta-grid. Full response-distinct running-vacuum Lambda(H)/H^2/dotH family remains open."
F17,M17,PASS_WITH_SCOPE,NO_NATIVE_LCDM_REFERENCE_INTERSECTION_WITH_SCOPE,FINITE_GLOBAL_GEOMETRY_ONLY,PASS_WITH_SCOPE_EPPF_PRESCRIPTION,PARTIAL_LINEAR_EXECUTION_ONLY,FINITE_GLOBAL_REQUIRED_NO_LOCAL_LCDM_TANGENT,PASS_WITH_SCOPE_C060_AGAINST_FROZEN_CPL_MANIFOLD,PARTIAL_COVARIANCE_WEIGHTING_ONLY,NOT_TESTED,NOT_TESTED,LINEAR_EPPF_K3_PASS_C060_CPL_K6_SURVIVOR_K7_OPEN,"Original future-event-horizon HDE. Linear IDECAMB/ePPF recovered after isolating HMCode nonlinear-lensing timeout; K3 is scoped to the ePPF prescription, not a unique physical nonlocal perturbation derivation. Fixed background-CPL transport is mixed. For c=0.6, a prospectively frozen joint H+TT+TE+EE 5x5 coarse grid followed by its predeclared 5x5 refinement leaves best R_joint=0.3519047 and R_max=0.3921917 at w0=-1.2498701, wa=0.8082965, so c=0.6 survives this frozen CPL nearest-family attack in theory space. K7 covariance/observation-space profiling remains open; no observational significance or physical falsification claim. K7a Planck-2018 Plik_lite covariance attempt is terminal operator/output blocked: run/result commit d0b7f411fbc7b150dc6b490a8f26a2be0f850768 reports theory ell coverage ending at 2500 versus prospectively required >=2508. No K7b or observational-significance promotion. K7a Planck-2018 Plik_lite covariance is now measured after output-format recoveries: S_cov=3.1648604655690433 (TT-only block 2.30066, TE 1.95135, EE 1.16890). This is raw fixed-cosmology covariance weighting only; K7b nuisance/cosmological profiling remains required and no observational-distinguishability promotion is authorized."
F18,M18,PASS_WITH_SCOPE,BLOCKED_IMPLEMENTATION_REFERENCE_PROVIDER,NOT_TESTED,NOT_TESTED,NOT_TESTED,NOT_TESTED,NOT_TESTED,NOT_TESTED,NOT_TESTED,NOT_TESTED,BLOCKED_IMPLEMENTATION_REFERENCE_PROVIDER_SEARCH,pinned CLASS_GSF model-1 provenance and author point are executable; prospective lambda=0 P_X=0/w=-1 condensate reference branch segfaults (exit 139) while LCDM+author controls pass. Source shooting explicitly flags f1~0 bracketing bug and contains f1/fabs(f1); no IC tuning or third-party patch is authorized. Independent implementation/reference prescription required; no physics falsification
F19,M19,PASS_WITH_SCOPE_TWO_PINNED_AXIONCAMB_LINEAGE_PROVIDERS,BLOCKED_EXTERNAL_LIMIT_CONVERGENCE_NOT_ESTABLISHED,NOT_TESTED,BLOCKED_BY_K1_REFERENCE_RECOVERY,NOT_TESTED,NOT_TESTED,NOT_TESTED,NOT_TESTED,NOT_TESTED,NOT_TESTED,FINITE_PROVIDER_CONTROLS_PASS_EXACT_ZERO_K1_IMPLEMENTATION_BLOCKED,"Fuzzy/ultralight axion DM. Ra-yne/AxiECAMB and dgrin1/axionCAMB2 both execute finite axion controls with finite CMB/P(k)/transfer outputs, while exact axion-density/fraction zero exits 139. Diagnostic bounds build localizes the inherited zero-path defect: Omega_ax=0 drives as_scalar=0, a_init=0 and log(a_init)=-Inf; the scalar shooting guesses also take log(0) at fax=0, eventually corrupting MassiveNu::Nu_rho spline indexing. This is a provider exact-reference defect, not physical FDM falsification. A true zero-axion bypass plus independent CDM identity test is required before K1 promotion. External pure-CDM limit test now executes all five finite axionCAMB points and the historical CAMB reference. After preregistered semantic/blockwise output conformance, Pk, CMB_TE, T_cdm, T_b, T_r and T_tot converge, while CMB_TT, CMB_EE, T_g and T_nu fail the frozen convergence gates. K1 is not promoted; cross-provider baseline/low-fraction localization is required before any physical interpretation. Hosted low-fraction floor decomposition run 34537372309 shows provider-internal f_ax->0 convergence in all common blocks. Previously failing CMB_TT, CMB_EE, T_g and T_nu are baseline-floor-dominant under the prospectively frozen diagnostic; CMB_TE and T_r are also baseline-floor-dominant, while Pk/T_cdm/T_b/T_tot converge internally with the physical finite-fraction effect still larger than the external baseline at f_ax=0.001. This localizes cross-provider mismatch but does not promote K1 or validate the crashing exact-zero path."
F20,M20,PASS_WITH_SCOPE_PINNED_NONLINEAR_PROVIDER,PASS_WITH_SCOPE_NONLINEAR_HALO_EXACT_CDM_LIMIT,ONE_SIDED_SIGMA_GE_0_NO_SIGN_QUOTIENT,NOT_TESTED,PASS_WITH_SCOPE_WEIGHTED_HERMITE_MASS_REDSHIFT_CONVERGENCE,NOT_TESTED,NOT_TESTED,NOT_TESTED,NOT_TESTED,NOT_TESTED,K1_K4_NONLINEAR_SCOPED_PASS_K3_K5_K9_OPEN,"self-interacting DM; nonlinear response required Pinned SASHIMI-SIDM provider control passes its upstream physics suite and exact sigma/m=0 CDM identity on 615 retained entries. Prospectively preregistered K1-v2 preserves the v1 fail and extends the sigma ladder to 0.003 cm^2/g; Vmax, rmax, rs, rhos and core_ratio all converge monotonically to exact CDM. Small-tail exponents are Vmax 0.99997, rmax 0.97349, rs 0.88708, rhos 0.86662 and core 0.48779, the latter consistent with the provider source rc~sqrt(tt) and tt~sigma. K1 is scoped to nonlinear halo response only; K3/K4/K6/K7 remain open. K4 now PASS_WITH_SCOPE after prospective provider-weighted convergence on three independent numerical axes: Hermite quadrature N=21->25->29 (terminal max 0.0130492), accretion-mass grid N_ma=30->60->120 (terminal max 0.0104056), and redshift grid dz=0.2->0.1->0.05 (terminal max 0.00588801). Earlier unweighted flattened-node Hermite sensitivity is preserved as a methodological negative control; this K4 scope is nonlinear SASHIMI-SIDM structural response only. K3/K5-K9 remain open."
F21,M21,PASS_WITH_SCOPE_PINNED_CLASS_NCDM,OPEN_DETERMINISTIC_CMB_SOLVER_BRANCH_DISCONTINUITY,ONE_SIDED_F_W_GE_0_NO_SIGN_QUOTIENT,BLOCKED_BY_K1_REFERENCE_RECOVERY,NOT_TESTED,NOT_TESTED,NOT_TESTED,NOT_TESTED,NOT_TESTED,NOT_TESTED,K1_DETERMINISTIC_CMB_BRANCH_DIAGNOSTIC_OPEN_NO_PHYSICAL_FAIL,"M21 v1 H interpolation and support metric defects were localized, but a distinct f_w=0.003 CMB excursion persists. Precision diagnostic run 34540437512 succeeds and shows persistence under cl_permille and a tighter ncdm profile; artifact-level normalized-L2 also retains the anomaly. Input-source audit confirms fixed m_ncdm/T_ncdm plus omega_ncdm is implemented by rescaling deg_ncdm, so the coordinate is not rejected as overdetermined. No K1 promotion and no physical family failure."
F22,M22,PASS_WITH_SCOPE_PINNED_NATIVE_CLASS_ENERGY_INJECTION,PASS_WITH_SCOPE_NATIVE_ENERGY_INJECTION_EXACT_ZERO,ONE_SIDED_PANN_GE_0_NO_SIGN_QUOTIENT,PARTIAL_EFFECTIVE_ENERGY_DEPOSITION_NO_EXPLICIT_DM_DEPLETION_CLOSURE,NOT_TESTED,NOT_TESTED,NOT_TESTED,NOT_TESTED,NOT_TESTED,NOT_TESTED,K1_V2_PASS_K3_EFFECTIVE_SCOPE_PARTIAL_LATE_GATES_OPEN,Annihilation energy-injection K1-v2 PASS after preserving frozen v1 negative-control failure. Exact zero equals omitted input. TT/EE/TE/P(k) all contract on a newly extended smaller p_ann tail. K3 remains partial because the native thermodynamic injection path does not explicitly evolve the corresponding DM depletion sink.
F23,M23,PASS_WITH_SCOPE_PINNED_NATIVE_CLASS_IDM_DR,PASS_WITH_SCOPE_FIXED_DM_DR_CONTENT_ONLY_COUPLING_TO_ZERO,ONE_SIDED_GAMMA_GE_0_NO_SIGN_QUOTIENT,PASS_WITH_SCOPE_NATIVE_IDM_DR_SOURCE_PLUS_COMMON_OBSERVABLE_CROSS_GAUGE,NOT_ESTABLISHED_PRECISION_LADDER_NONMONOTONE,NOT_TESTED,NOT_TESTED,NOT_TESTED,NOT_TESTED,NOT_TESTED,K1_K3_CROSS_GAUGE_PASS_K4_NUMERICAL_NOT_ESTABLISHED,"M23 native CLASS IDM-DR: K1 decoupling PASS. Paired IDM/DR Euler exchange plus run 34596841563 common-observable synchronous-vs-Newtonian regression PASS within 1e-4. K4 does not pass: all 14 branches execute, but the frozen default->cl_permille->cl_ref ladder is non-monotone in CMB TT/EE and fails the preregistered contraction rule. Canonical result commit 605d97039eedee0d779b8a2d518667a92a32250e; aggregate artifact 10262840156. Numerical robustness remains NOT_ESTABLISHED; no physical falsification."
F24,M24,PASS_WITH_SCOPE,PARTIAL,OPEN,OPEN,OPEN,OPEN,OPEN,OPEN,OPEN,OPEN,K0_PASS_K1_NOT_ESTABLISHED_DECOUPLING_K2_K9_OPEN,"ETHOS-like dark sector: pinned native CLASS IDM-DR implementation explicitly following ETHOS parameterization executes uncoupled control plus vector/scalar angular-response arms with exact provider pin, finite CMB/P(k), and active nonzero response. K0 PASS_WITH_SCOPE only; no claim of complete ETHOS microphysics/nonlinear coverage; K1-K9 remain open. | W05 K1 frozen ladder run 34655725404 artifact 10286190461: monotone contraction and log-log r=0.94252, but D_finest/D_coarsest=0.2520458 missed preregistered <=0.25 threshold. K1 PARTIAL/not established; no physical falsification."
F25,M25,PASS_WITH_SCOPE_PINNED_STERILE_PROVIDER_AND_CLASS_BRIDGE,NOT_ESTABLISHED_NUMERICAL_FLOOR,ONE_SIDED_ETA_GE_0,NOT_TESTED,BLOCKED_IMPLEMENTATION_STOCK_CAPACITY_CONTROL,NOT_TESTED,NOT_TESTED,NOT_TESTED,NOT_TESTED,NOT_TESTED,K1_K4_NUMERICAL_LOCALIZATION_ACTIVE,"M25 compile-capacity isolation classification M25_M0_PK_STOCK_CAPACITY_PROVIDER_BLOCKED. Matched-evolver quadrature agreement, manual N=2000->4000 convergence, and prior evolver-isolation evidence are preserved. K1/K4 are not promoted and physical falsification is false."
F26,M26,PASS_WITH_SCOPE,PARTIAL,OPEN,OPEN,OPEN,OPEN,OPEN,OPEN,OPEN,OPEN,K0_PASS_K1_NOT_ESTABLISHED_DUAL_CHANNEL_K2_K9_OPEN,Primordial-black-hole DM: pinned native CLASS zero control plus Hawking-evaporation and disk-accretion energy-injection arms execute at exact provider pin with finite TT/P(k) and active TT response above the frozen 1e-6 threshold. K0 PASS_WITH_SCOPE is limited to evaporation/accretion energy injection. PBH discreteness/Poisson/isocurvature and K1-K9 remain open. Attempt-1 f_acc=1e-2 reionization incompatibility is preserved; prospective K0b f_acc=1e-3 passes. | W06 PBH K1 dual-channel run 34656476133 aggregate artifact 10285776102: K1 PARTIAL / NOT_ESTABLISHED. Evaporation and disk-accretion fraction-to-zero arms are both BLOCKED_IMPLEMENTATION at the provider/output boundary; physical_falsification=false. Scope remains energy injection only; PBH discreteness/Poisson/isocurvature open.
F27,M27,PASS_WITH_SCOPE_INDEPENDENT_VERIFICATION,NOT_ESTABLISHED,PASS_WITH_SCOPE_DISTRIBUTED_DECAY_GEOMETRY,PARTIAL_PRESCRIBED_METRIC_SOURCE_AND_HIERARCHY_ONLY,PASS_WITH_SCOPE_L32_TO_L64_HIERARCHY_TRUNCATION,PARTIAL_RESPONSE_GEOMETRY_ONLY,NOT_TESTED,NOT_TESTED,NOT_TESTED,NOT_TESTED,HIGH_L_HIERARCHY_PASS_SELF_CONSISTENT_METRIC_PROVIDER_OPEN,"M27 prescribed-metric dark-radiation hierarchy: initial L17->L32 gate failed on 7/27 branches (max 0.004003933161124123), preserved as parent evidence. Prospectively frozen L32->L64 refinement passed all 27 branches; max residual 1.806015929192509e-06. Stock CLASS multi-parent capability run 34568316761: source audit finds no native multi-parent DCDM semantics, while one-species DCDM provider control passes. Classification M27_STOCK_CLASS_MULTI_DCDM_PROVIDER_UNAVAILABLE is a provider boundary only. No K1/K3/K4 global promotion and no physical falsification; self-consistent Einstein/metric closure remains open through another pinned provider or preregistered independent implementation."
F28,M28,PARTIAL_BACKGROUND_PROVIDER_PROVENANCE_ONLY,NOT_ESTABLISHED,NOT_TESTED,NOT_ESTABLISHED,NOT_TESTED,NOT_TESTED,NOT_TESTED,NOT_TESTED,NOT_TESTED,NOT_TESTED,BACKGROUND_PROVIDER_EXECUTABLE_K1_K3_K5_OPEN,"Pinned public provider executes a superfluid-DM background equation with finite output, but explicit same-model CDM/decoupling reference map is absent and perturbation/Boltzmann/Einstein closure is absent. Result M28_BACKGROUND_ONLY_PROVIDER_EXECUTABLE_K1_K3_K5_OPEN; no K promotion and no physical falsification."
F29,M29,PASS_WITH_SCOPE,PASS_WITH_SCOPE,OPEN,BLOCKED_IMPLEMENTATION,BLOCKED_NUMERICAL,OPEN,OPEN,OPEN,OPEN,OPEN,K0_K1_PASS_K3_IMPLEMENTATION_K4_FINAL_NUMERICAL_NOT_ESTABLISHED,"Brans-Dicke: pinned hi_class K0 and omega_BD->GR K1 PASS_WITH_SCOPE. K3 remains BLOCKED_IMPLEMENTATION because the required Newtonian-gauge scalar-MG branch is unavailable in the pinned provider. K4b localized the large P(k) discrepancy to high-k grid sampling; K4c showed the remaining TT comparison requires the full core precision profile. Prospectively frozen K4d final acceptance against a tighter independent super-reference preserves the original thresholds: omega_BD=1e4 passes background/P(k)/TT, while omega_BD=15 passes background and P(k) but TT fails (max 0.0070813266 > 0.005; RMS 0.0037116457 > 0.001) and fails the <=20% non-increase rule. K4 therefore remains BLOCKED_NUMERICAL / NOT_ESTABLISHED. No physical falsification; K2/K5-K9 remain open. Canonical K4d run 34638814940."
F30,M30,PASS_WITH_SCOPE,PASS_WITH_SCOPE,PARTIAL,OPEN,BLOCKED_NUMERICAL,OPEN,OPEN,OPEN,OPEN,OPEN,K0_K1_PASS_K2_PARTIAL_K4_NUMERICAL_NOT_ESTABLISHED_K3_K9_OPEN,"Horndeski/EFT-of-DE scalar-tensor scoped representative. Pinned hi_class provider has K0/K1 PASS_WITH_SCOPE. W07 path-geometry audit run 34667418003 artifact 10289448682 shows the successful K1 ladder is rank-1 and leaves c_T/c_H frozen. Prospectively frozen central Jacobian run 34694420359 artifact 10297689056 has converged radial and c_T derivatives (2.874986 deg / 0.001396 mismatch and 0.435036 deg / 0.000334 mismatch) separated by 20.765547 deg. Immutable synthesis run 34695369158 artifact 10298263294 therefore recommends K2 PARTIAL only. Complete covariant/source parameter geometry, degeneracy quotient and global admissible-domain closure remain open; K2 is not PASS; no physical falsification. W07 M30 K4: M30_K4_NUMERICAL_ROBUSTNESS_NOT_ESTABLISHED_LOCAL_2D. Frozen provider-precision criterion requires R_fine<=1e-4 and contraction relative to R_coarse; all three local points fail across mandatory TT/EE/TE/P(k) blocks despite finite executions. scientific run 34750957481; analysis-only recovery run 34753465928; job 103713787171; artifact 10316702998; canonical repository result waves/wave_07_deep_gates/M30_K4_LOCAL_2D_PRECISION_RESULT.json. physical_falsification=false."
F31,M31,PASS_WITH_SCOPE,PASS_WITH_SCOPE,OPEN,OPEN,OPEN,OPEN,OPEN,OPEN,OPEN,OPEN,K0_K1_EFFECTIVE_BH_DECOUPLING_PASS_K2_K9_OPEN,"Beyond-Horndeski/DHOST: pinned hi_class effective beyond-Horndeski alpha arm executes with finite background/CMB/P(k) outputs, so K0 PASS_WITH_SCOPE. This does not establish a self-consistent covariant GLPV/DHOST closure; K1-K9 remain open. | W06 canonical K1 from source run 34656276938 artifact 10285409601 plus parser-only recovery run 34656732877 artifact 10286575989: PASS_WITH_SCOPE, D_finest/D_coarsest=3.7468112e-05, log-log r=0.9930893. Effective beyond-Horndeski/DHOST alpha decoupling only; covariant GLPV/DHOST closure remains open; K2-K9 open."
F32,M32,BLOCKED_IMPLEMENTATION,OPEN,OPEN,OPEN,OPEN,OPEN,OPEN,OPEN,OPEN,OPEN,K0_BLOCKED_PROVIDER_BUILD_K1_K9_OPEN,"DGP: pinned nat-woodcock/EFT-Ramses provider provenance explicitly identifies self-accelerating/normal-branch DGP and Vainshtein machinery, but the exact-pin provider-native GNU MPI build exits 2 while reading amr_parameters.mod with Unexpected EOF. Canonical classification M32_K0_BLOCKED_PROVIDER_BUILD. This is a provider/build boundary, not physical falsification and not a production DGP cosmology execution; K1-K9 remain open."
F33,M33,PASS_WITH_SCOPE,PASS_WITH_SCOPE_NUMERICAL_NOISE_SAFE_PROFILE,OPEN,OPEN,OPEN,OPEN,OPEN,OPEN,OPEN,OPEN,K0_K1_PASS_WITH_SCOPE_NOISE_SAFE_PROFILE_K2_K9_OPEN,"Pinned hi_class cubic Galileon K0 PASS_WITH_SCOPE. K1 promoted with scope by immutable synthesis of run 34708072066 artifact 10301813578: provider-documented D_safe_smg=1e-100 leaves the Omega_smg=0.01 spectra exactly unchanged relative to strict D_safe=0 (CMB/P(k) normalized-L2 both 0), and the frozen Omega_smg={0.01,0.005,0.002,0.001}->GR ladder passes the repository K1 rule with finest/coarsest=0.2087548710 and log-log Pearson=0.9248706315. Earlier strict tiny-negative-D vetoes remain recorded as threshold-sensitive numerical/stability evidence; this is not a family-wide physical stability claim. K2-K9 remain OPEN."
F34,M34,OPEN,NOT_TESTED,NOT_TESTED,NOT_TESTED,NOT_TESTED,NOT_TESTED,NOT_TESTED,NOT_TESTED,NOT_TESTED,NOT_TESTED,PROVIDER_RECON_NO_GRADE_CANDIDATE_K0_OPEN,massive/bimetric gravity Public-provider reconnaissance run 34650903154 returned zero provider-grade candidates in the frozen search tranche. Coverage remains OPEN; absence of a search hit is not a family failure.
F35,M35,PASS_WITH_SCOPE,PASS_WITH_SCOPE,PARTIAL,OPEN,BLOCKED_NUMERICAL,OPEN,OPEN,OPEN,OPEN,OPEN,K0_K1_PASS_K2_PARTIAL_K4_EXECUTION_CAPACITY_BLOCKED_K3_K9_OPEN,"Einstein-Aether/vector-tensor scoped representative. Pinned CLASS_LVDM exact provider has K0/K1 PASS_WITH_SCOPE. W07 immutable K2 synthesis run 34693883792 artifact 10297912967 verifies original gravity ladder is narrow/radial, an independent Y_dm direction executes and contracts, and preregistered local 2D Jacobian run 34668120323 artifact 10290165068 has converged gravity and Y_dm derivatives separated by 38.171364 deg (sin=0.618016). Therefore K2 is PARTIAL local response-rank>=2 evidence only. Complete covariant scalar/vector/tensor parameter geometry and quotient/equivalence closure remain open; K2 is not PASS; K3-K9 open; physical_falsification=false. W07 M35 K4: M35_K4_PROVIDER_OR_PRECISION_EXECUTION_BLOCKED. Serialized precision diagnostic run 34779425752 preserved the exact provider pin and frozen science. Prepare/build/config generation passed; all six permille/reference executions ended at hosted-runner execution layer and their if:always() artifact uploads were skipped. Only frozen bundle artifact 10323514851 remains. This is persistent execution-capacity/numerical blockage, not provider rc evidence and physical_falsification=false. Canonical result: waves/wave_07_deep_gates/M35_K4_SERIAL_PRECISION_DIAGNOSTIC_RESULT.json."
F36,M36,OPEN,NOT_TESTED,NOT_TESTED,NOT_TESTED,NOT_TESTED,NOT_TESTED,NOT_TESTED,NOT_TESTED,NOT_TESTED,NOT_TESTED,PROVIDER_RECON_NO_GRADE_CANDIDATE_K0_OPEN,TeVeS / relativistic MOND-like Public-provider reconnaissance run 34650903154 returned zero provider-grade candidates in the frozen search tranche. Coverage remains OPEN; absence of a search hit is not a family failure.
F37,M37,PARTIAL,PARTIAL,OPEN,OPEN,OPEN,OPEN,OPEN,OPEN,OPEN,OPEN,K0_PARTIAL_K1_PARTIAL_NUMERICAL_LIMIT_PASS_PROVENANCE_OPEN_K2_K9_OPEN,"f(T): exact-pin provider build and two frozen arms execute with finite TT/P(k) and active response in run 34652066337, artifact 10284291219, digest sha256:e885cda93e26c13268f86e58e667aa8596d0cbeff4e26ff8f80a4edece32f4b5. K0 remains PARTIAL because publication/author provenance is unresolved; K1-K9 OPEN; no physical falsification. | W05 K1 frozen ladder run 34655725404 artifact 10285765241: executable n_fT->0 limit contracts strongly (ratio=0.00103137, r=0.999899), but provider publication/author provenance remains unresolved. Keep K0/K1 mandatory status PARTIAL; do not count as positive family PASS."
F38,M38,OPEN,NOT_TESTED,NOT_TESTED,NOT_TESTED,NOT_TESTED,NOT_TESTED,NOT_TESTED,NOT_TESTED,NOT_TESTED,NOT_TESTED,PROVIDER_RECON_NO_GRADE_CANDIDATE_K0_OPEN,f(Q) Public-provider reconnaissance run 34650903154 returned zero provider-grade candidates in the frozen search tranche. Coverage remains OPEN; absence of a search hit is not a family failure.
F39,M39,OPEN,NOT_TESTED,NOT_TESTED,NOT_TESTED,NOT_TESTED,NOT_TESTED,NOT_TESTED,NOT_TESTED,NOT_TESTED,NOT_TESTED,PROVIDER_RECON_NO_GRADE_CANDIDATE_K0_OPEN,nonlocal gravity Public-provider reconnaissance run 34650903154 returned zero provider-grade candidates in the frozen search tranche. Coverage remains OPEN; absence of a search hit is not a family failure.
F40,M40,PASS_WITH_SCOPE,PASS_WITH_SCOPE,OPEN,OPEN,OPEN,OPEN,OPEN,OPEN,OPEN,OPEN,K0_K1_PASS_WITH_SCOPE_K2_K9_OPEN,"Horava-Lifshitz: pinned EFTCAMB native provider K0 PASS_WITH_SCOPE. W07 harness recovery run 34693761809 artifact 10298366664 changes only include/output-root path handling: ref, four ladder arms and explicit EFT-GR all exit 0. K1 PASS_WITH_SCOPE with D_finest/D_coarsest=0.00104972176 and log-log r=0.999991711; native-zero vs explicit EFT-GR endpoint D=0 <=1e-4. Earlier run 34656276938 remains preserved as harness-blocked evidence rather than physics. K2-K9 open; physical_falsification=false."
F41,M41,OPEN,NOT_TESTED,NOT_TESTED,NOT_TESTED,NOT_TESTED,NOT_TESTED,NOT_TESTED,NOT_TESTED,NOT_TESTED,NOT_TESTED,PROVIDER_RECON_NO_GRADE_CANDIDATE_K0_OPEN,mimetic gravity/dark matter Public-provider reconnaissance run 34650903154 returned zero provider-grade candidates in the frozen search tranche. Coverage remains OPEN; absence of a search hit is not a family failure.
F42,M42,OPEN,NOT_TESTED,NOT_TESTED,NOT_TESTED,NOT_TESTED,NOT_TESTED,NOT_TESTED,NOT_TESTED,NOT_TESTED,NOT_TESTED,PROVIDER_RECON_NO_GRADE_CANDIDATE_K0_OPEN,LTB/void acceleration Public-provider reconnaissance run 34650903154 returned zero provider-grade candidates in the frozen search tranche. Coverage remains OPEN; absence of a search hit is not a family failure.
F43,M43,OPEN,NOT_TESTED,NOT_TESTED,NOT_TESTED,NOT_TESTED,NOT_TESTED,NOT_TESTED,NOT_TESTED,NOT_TESTED,NOT_TESTED,PROVIDER_RECON_NO_GRADE_CANDIDATE_K0_OPEN,backreaction/averaging Public-provider reconnaissance run 34650903154 returned zero provider-grade candidates in the frozen search tranche. Coverage remains OPEN; absence of a search hit is not a family failure.
F44,REPRESENTED_BY:M00,REPRESENTED_BY:M00,REPRESENTED_BY:M00,REPRESENTED_BY:M00,REPRESENTED_BY:M00,REPRESENTED_BY:M00,REPRESENTED_BY:M00,REPRESENTED_BY:M00,REPRESENTED_BY:M00,REPRESENTED_BY:M00,REPRESENTED_BY:M00,REPRESENTED,cold collisionless WIMP/FIMP/heavy-particle realizations without distinct cosmological response
F45,REPRESENTED_BY:M00,REPRESENTED_BY:M00,REPRESENTED_BY:M00,REPRESENTED_BY:M00,REPRESENTED_BY:M00,REPRESENTED_BY:M00,REPRESENTED_BY:M00,REPRESENTED_BY:M00,REPRESENTED_BY:M00,REPRESENTED_BY:M00,REPRESENTED_BY:M00,REPRESENTED,QCD axion cold branch; ultralight regime is M19
F46,external_known_sector,PASS_WITH_SCOPE,OPEN,OPEN,OPEN,OPEN,OPEN,OPEN,OPEN,OPEN,OPEN,K0_KNOWN_SECTOR_MASSIVE_NEUTRINO_COMPARATOR_PASS_K1_K9_OPEN,Known-sector comparator: pinned native CLASS massless-neutrino control and one 0.06 eV massive-neutrino arm both execute at exact provider pin with finite TT/P(k). Massive-neutrino TT normalized-L2 response is 0.00322344 > frozen 1e-6 negative-control threshold. K0 PASS_WITH_SCOPE only; no neutrino-mass constraint and K1-K9 remain open.
